{"cameraMode":{"drawMode":0,"name":"Shaded","section":"Shading Mode"},"sceneLighting":true,"audioPlay":false,"sceneViewState":{"m_AlwaysRefresh":false,"showFog":true,"showSkybox":true,"showFlares":true,"showImageEffects":true,"showParticleSystems":true,"showVisualEffectGraphs":true,"m_FxEnabled":true},"in2DMode":false,"pivot":{"x":579.966064453125,"y":319.30194091796877,"z":-102.78156280517578},"rotation":{"x":0.0728415921330452,"y":0.010965085588395596,"z":-0.0009349253377877176,"w":0.9974225163459778},"size":1.5347670316696168,"orthographic":false}