{"cameraMode":{"drawMode":0,"name":"Shaded","section":"Shading Mode"},"sceneLighting":true,"audioPlay":false,"sceneViewState":{"m_AlwaysRefresh":false,"showFog":true,"showSkybox":false,"showFlares":true,"showImageEffects":true,"showParticleSystems":true,"showVisualEffectGraphs":true,"m_FxEnabled":true},"in2DMode":false,"pivot":{"x":52.026214599609378,"y":9.526070594787598,"z":3.7513670921325685},"rotation":{"x":-0.02076386846601963,"y":0.5258304476737976,"z":-0.012639632448554039,"w":-0.8502419590950012},"size":2.663647413253784,"orthographic":false}